Feedback_ID,Customer_ID,Date_Submitted,Feedback_Text,Satisfaction_Score,Contacted_Agent,Referred_Claim,Unmatched_Customer_Flag
FDB90000,CUST11838,2020-08-07,I'm not happy with the premium charged.,3,Yes,Yes,No
FDB90001,CUST12252,2021-01-13,I'm not happy with the premium charged.,1,No,Yes,No
FDB90002,CUST10495,2022-02-16,Smooth experience with no issues.,5,No,Yes,No
FDB90003,CUST11182,2021-02-16,Claim process could be faster.,2,No,Yes,No
FDB90004,CUST11047,2021-04-09,The agent was helpful and explained everything.,5,No,No,No
FDB90005,CUST12167,2020-01-05,Very satisfied with the claim process.,5,Yes,No,No
FDB90006,,2023-11-25,Excellent customer service support.,4,Yes,Yes,Yes
FDB90007,,2023-02-06,Need more clarity on policy coverage.,3,No,No,Yes
FDB90008,CUST12331,2022-02-01,Smooth experience with no issues.,5,Yes,Yes,No
FDB90009,CUST12252,2020-02-27,Excellent customer service support.,4,No,No,No
FDB90010,CUST10090,2021-02-17,The mobile app experience was intuitive.,3,Yes,No,No
FDB90011,CUST10985,2023-11-22,I'm not happy with the premium charged.,1,Yes,No,No
FDB90012,CUST12396,2020-05-09,Claim process could be faster.,3,No,No,No
FDB90013,CUST11030,2023-10-11,The agent was helpful and explained everything.,4,Yes,No,No
FDB90014,CUST10100,2022-01-22,Need more clarity on policy coverage.,2,Yes,No,No
FDB90015,,2022-11-11,Need more clarity on policy coverage.,2,Yes,No,Yes
FDB90016,CUST12335,2022-02-08,The mobile app experience was intuitive.,5,Yes,Yes,No
FDB90017,,2021-11-28,I'm not happy with the premium charged.,3,No,Yes,Yes
FDB90018,,2022-09-08,Need more clarity on policy coverage.,1,Yes,Yes,Yes
FDB90019,CUST11327,2022-09-12,Claim process could be faster.,2,Yes,No,No
FDB90020,,2022-03-02,The mobile app experience was intuitive.,4,Yes,No,Yes
FDB90021,CUST12366,2022-06-24,Excellent customer service support.,5,Yes,Yes,No
FDB90022,,2022-04-08,I'm not happy with the premium charged.,3,Yes,No,Yes
FDB90023,,2023-01-20,I'm not happy with the premium charged.,1,No,No,Yes
FDB90024,CUST10942,2020-02-17,Smooth experience with no issues.,5,Yes,Yes,No
FDB90025,CUST11891,2021-08-11,Had to wait too long for claim approval.,1,Yes,No,No
FDB90026,CUST11003,2023-06-19,Claim process could be faster.,2,Yes,No,No
FDB90027,,2020-12-14,Had to wait too long for claim approval.,2,Yes,Yes,Yes
FDB90028,CUST11451,2022-01-23,Need more clarity on policy coverage.,2,No,Yes,No
FDB90029,CUST11105,2020-12-25,Smooth experience with no issues.,4,No,No,No
FDB90030,CUST10222,2022-08-09,Smooth experience with no issues.,5,Yes,No,No
FDB90031,CUST11815,2021-02-25,Smooth experience with no issues.,4,Yes,No,No
FDB90032,CUST12091,2020-11-20,Frustrated with repeated documentation requests.,3,Yes,No,No
FDB90033,CUST11369,2021-04-19,Smooth experience with no issues.,4,No,Yes,No
FDB90034,CUST10505,2021-03-16,Excellent customer service support.,5,Yes,Yes,No
FDB90035,,2020-02-24,Claim process could be faster.,3,No,Yes,Yes
FDB90036,CUST11612,2023-01-16,Excellent customer service support.,4,Yes,Yes,No
FDB90037,CUST10825,2023-05-12,Claim process could be faster.,2,Yes,No,No
FDB90038,CUST10916,2022-10-25,Frustrated with repeated documentation requests.,3,No,No,No
FDB90039,,2022-01-07,Need more clarity on policy coverage.,2,No,Yes,Yes
FDB90040,,2020-09-06,I'm not happy with the premium charged.,3,No,No,Yes
FDB90041,,2021-01-09,Need more clarity on policy coverage.,3,No,No,Yes
FDB90042,CUST10659,2023-07-16,The mobile app experience was intuitive.,3,Yes,No,No
FDB90043,,2021-08-05,Smooth experience with no issues.,5,Yes,No,Yes
FDB90044,,2023-03-05,Frustrated with repeated documentation requests.,1,No,Yes,Yes
FDB90045,,2020-08-14,The agent was helpful and explained everything.,5,Yes,No,Yes
FDB90046,,2023-10-23,Smooth experience with no issues.,5,No,No,Yes
FDB90047,CUST10911,2020-09-01,Had to wait too long for claim approval.,1,No,No,No
FDB90048,CUST11613,2021-06-07,Very satisfied with the claim process.,4,No,Yes,No
FDB90049,CUST10476,2021-02-11,The mobile app experience was intuitive.,3,Yes,No,No
FDB90050,,2023-08-22,The agent was helpful and explained everything.,5,Yes,No,Yes
FDB90051,,2020-09-30,The mobile app experience was intuitive.,5,No,No,Yes
FDB90052,CUST12432,2020-08-28,Had to wait too long for claim approval.,2,Yes,No,No
FDB90053,,2023-06-07,Need more clarity on policy coverage.,2,Yes,Yes,Yes
FDB90054,CUST10695,2023-03-03,The mobile app experience was intuitive.,5,No,Yes,No
FDB90055,CUST12303,2023-07-26,Had to wait too long for claim approval.,1,No,No,No
FDB90056,CUST11951,2022-02-05,Smooth experience with no issues.,5,No,Yes,No
FDB90057,,2020-09-11,Excellent customer service support.,5,Yes,No,Yes
FDB90058,,2022-07-28,Very satisfied with the claim process.,5,Yes,Yes,Yes
FDB90059,CUST10557,2020-09-09,I'm not happy with the premium charged.,2,Yes,No,No
FDB90060,CUST11982,2022-11-09,Very satisfied with the claim process.,5,Yes,Yes,No
FDB90061,CUST12153,2021-03-24,Had to wait too long for claim approval.,1,No,Yes,No
FDB90062,CUST11571,2023-07-13,I'm not happy with the premium charged.,3,No,No,No
FDB90063,CUST11732,2023-07-22,The agent was helpful and explained everything.,5,Yes,No,No
FDB90064,CUST11330,2021-06-25,Need more clarity on policy coverage.,1,Yes,No,No
FDB90065,,2023-03-05,Need more clarity on policy coverage.,3,No,Yes,Yes
FDB90066,CUST12060,2023-05-04,I'm not happy with the premium charged.,2,Yes,No,No
FDB90067,CUST11545,2020-12-13,Need more clarity on policy coverage.,1,Yes,No,No
FDB90068,CUST10121,2021-01-07,Frustrated with repeated documentation requests.,1,No,No,No
FDB90069,CUST12010,2021-10-16,Need more clarity on policy coverage.,3,No,No,No
FDB90070,CUST10113,2020-03-18,Had to wait too long for claim approval.,1,No,No,No
FDB90071,CUST10300,2022-07-15,The mobile app experience was intuitive.,5,Yes,Yes,No
FDB90072,CUST10206,2022-07-06,Had to wait too long for claim approval.,2,Yes,Yes,No
FDB90073,CUST11056,2023-11-07,Need more clarity on policy coverage.,3,Yes,No,No
FDB90074,,2021-03-17,Very satisfied with the claim process.,5,Yes,Yes,Yes
FDB90075,CUST12346,2023-07-06,Very satisfied with the claim process.,4,Yes,No,No
FDB90076,,2021-12-30,The agent was helpful and explained everything.,5,No,No,Yes
FDB90077,,2023-05-04,I'm not happy with the premium charged.,1,No,Yes,Yes
FDB90078,CUST10410,2020-09-15,Excellent customer service support.,5,Yes,No,No
FDB90079,CUST10936,2021-07-06,Excellent customer service support.,5,No,Yes,No
FDB90080,CUST12040,2022-10-03,Frustrated with repeated documentation requests.,2,Yes,Yes,No
FDB90081,CUST12141,2022-04-27,Very satisfied with the claim process.,4,No,Yes,No
FDB90082,CUST11393,2023-09-29,The mobile app experience was intuitive.,4,Yes,Yes,No
FDB90083,CUST11742,2020-08-26,Excellent customer service support.,5,No,No,No
FDB90084,,2020-02-10,The mobile app experience was intuitive.,4,No,Yes,Yes
FDB90085,CUST12069,2021-11-10,The agent was helpful and explained everything.,5,No,Yes,No
FDB90086,CUST10236,2022-03-10,Had to wait too long for claim approval.,2,Yes,No,No
FDB90087,,2021-07-12,Had to wait too long for claim approval.,2,No,Yes,Yes
FDB90088,CUST11323,2021-08-25,Very satisfied with the claim process.,4,Yes,Yes,No
FDB90089,CUST11453,2023-02-14,Need more clarity on policy coverage.,3,Yes,No,No
FDB90090,,2022-02-02,Very satisfied with the claim process.,4,Yes,No,Yes
FDB90091,,2023-10-07,The agent was helpful and explained everything.,5,No,No,Yes
FDB90092,,2020-02-11,Need more clarity on policy coverage.,1,No,Yes,Yes
FDB90093,CUST10177,2023-09-15,Excellent customer service support.,5,No,Yes,No
FDB90094,,2020-05-27,Frustrated with repeated documentation requests.,3,Yes,No,Yes
FDB90095,CUST11064,2022-05-06,I'm not happy with the premium charged.,2,Yes,Yes,No
FDB90096,,2023-07-05,Need more clarity on policy coverage.,2,No,Yes,Yes
FDB90097,CUST11807,2020-10-08,Smooth experience with no issues.,4,No,Yes,No
FDB90098,CUST10449,2022-01-11,Very satisfied with the claim process.,4,Yes,Yes,No
FDB90099,,2022-11-18,I'm not happy with the premium charged.,1,Yes,No,Yes
FDB90100,CUST10394,2020-06-01,I'm not happy with the premium charged.,1,No,No,No
FDB90101,CUST10352,2020-09-17,The agent was helpful and explained everything.,5,Yes,Yes,No
FDB90102,CUST12339,2020-04-22,Smooth experience with no issues.,5,No,Yes,No
FDB90103,,2021-03-20,Frustrated with repeated documentation requests.,1,No,No,Yes
FDB90104,CUST11804,2020-01-25,Excellent customer service support.,5,Yes,No,No
FDB90105,,2020-04-18,Very satisfied with the claim process.,5,No,Yes,Yes
FDB90106,CUST10430,2020-02-27,Excellent customer service support.,5,No,Yes,No
FDB90107,CUST11289,2020-12-30,The agent was helpful and explained everything.,4,No,Yes,No
FDB90108,CUST10674,2021-07-28,The agent was helpful and explained everything.,5,Yes,No,No
FDB90109,,2021-07-13,Claim process could be faster.,2,Yes,Yes,Yes
FDB90110,,2020-07-26,Need more clarity on policy coverage.,1,No,Yes,Yes
FDB90111,CUST10085,2022-06-06,Had to wait too long for claim approval.,2,Yes,No,No
FDB90112,,2020-11-13,Need more clarity on policy coverage.,1,No,Yes,Yes
FDB90113,CUST10800,2021-06-17,The agent was helpful and explained everything.,4,Yes,No,No
FDB90114,,2020-10-10,The mobile app experience was intuitive.,3,No,Yes,Yes
FDB90115,,2023-01-09,Excellent customer service support.,5,Yes,No,Yes
FDB90116,CUST10417,2021-05-06,Had to wait too long for claim approval.,2,Yes,No,No
FDB90117,,2021-10-25,The mobile app experience was intuitive.,5,No,Yes,Yes
FDB90118,CUST10345,2021-10-27,Excellent customer service support.,5,No,No,No
FDB90119,,2023-05-28,Frustrated with repeated documentation requests.,1,Yes,Yes,Yes
FDB90120,,2022-10-03,Claim process could be faster.,3,No,No,Yes
FDB90121,,2021-01-04,Claim process could be faster.,2,Yes,No,Yes
FDB90122,CUST11710,2023-06-17,Smooth experience with no issues.,5,Yes,Yes,No
FDB90123,,2023-11-24,Frustrated with repeated documentation requests.,3,No,No,Yes
FDB90124,CUST12296,2021-06-21,Frustrated with repeated documentation requests.,3,No,Yes,No
FDB90125,CUST12022,2020-04-29,Had to wait too long for claim approval.,1,No,No,No
FDB90126,CUST11003,2023-09-04,The agent was helpful and explained everything.,5,No,No,No
FDB90127,,2023-02-13,Very satisfied with the claim process.,4,No,Yes,Yes
FDB90128,CUST10745,2022-11-05,The agent was helpful and explained everything.,4,Yes,No,No
FDB90129,,2020-03-05,Excellent customer service support.,4,Yes,Yes,Yes
FDB90130,CUST10580,2022-12-17,I'm not happy with the premium charged.,2,Yes,Yes,No
FDB90131,CUST10009,2021-08-06,The agent was helpful and explained everything.,4,No,Yes,No
FDB90132,,2023-08-10,The mobile app experience was intuitive.,5,No,No,Yes
FDB90133,CUST10451,2021-10-09,Smooth experience with no issues.,5,Yes,Yes,No
FDB90134,,2022-08-20,Need more clarity on policy coverage.,2,Yes,Yes,Yes
FDB90135,CUST10380,2020-06-04,The agent was helpful and explained everything.,5,Yes,Yes,No
FDB90136,CUST11594,2022-01-11,Claim process could be faster.,3,Yes,No,No
FDB90137,,2023-08-03,Need more clarity on policy coverage.,3,Yes,Yes,Yes
FDB90138,CUST11296,2021-12-31,Excellent customer service support.,5,Yes,No,No
FDB90139,CUST12296,2023-10-25,Excellent customer service support.,4,Yes,Yes,No
FDB90140,,2023-08-08,Very satisfied with the claim process.,5,No,No,Yes
FDB90141,CUST12178,2021-05-06,The agent was helpful and explained everything.,5,No,No,No
FDB90142,CUST12157,2021-01-01,Had to wait too long for claim approval.,1,No,No,No
FDB90143,,2020-06-09,Excellent customer service support.,4,No,Yes,Yes
FDB90144,CUST12474,2023-01-03,Need more clarity on policy coverage.,2,Yes,Yes,No
FDB90145,,2020-10-20,Frustrated with repeated documentation requests.,1,No,No,Yes
FDB90146,CUST11489,2021-04-30,The agent was helpful and explained everything.,4,No,No,No
FDB90147,,2020-06-30,Frustrated with repeated documentation requests.,1,Yes,Yes,Yes
FDB90148,,2023-11-14,Had to wait too long for claim approval.,2,Yes,No,Yes
FDB90149,,2021-03-25,Need more clarity on policy coverage.,3,Yes,No,Yes
FDB90150,CUST12227,2020-08-22,The mobile app experience was intuitive.,4,No,Yes,No
FDB90151,CUST10653,2020-03-21,Smooth experience with no issues.,5,Yes,No,No
FDB90152,CUST12040,2022-08-26,Smooth experience with no issues.,5,Yes,Yes,No
FDB90153,,2023-06-29,Claim process could be faster.,3,Yes,Yes,Yes
FDB90154,,2020-10-22,The mobile app experience was intuitive.,5,Yes,Yes,Yes
FDB90155,CUST10923,2023-10-28,Frustrated with repeated documentation requests.,2,Yes,No,No
FDB90156,,2021-10-13,Claim process could be faster.,3,No,Yes,Yes
FDB90157,,2022-01-24,Smooth experience with no issues.,4,Yes,No,Yes
FDB90158,,2023-04-29,Frustrated with repeated documentation requests.,2,No,No,Yes
FDB90159,CUST12340,2022-02-03,I'm not happy with the premium charged.,1,No,No,No
FDB90160,CUST11225,2022-09-22,Excellent customer service support.,4,Yes,Yes,No
FDB90161,CUST12294,2022-08-19,The mobile app experience was intuitive.,5,Yes,No,No
FDB90162,CUST10695,2023-01-31,Had to wait too long for claim approval.,1,Yes,No,No
FDB90163,,2020-11-15,Frustrated with repeated documentation requests.,1,Yes,No,Yes
FDB90164,,2023-05-19,Excellent customer service support.,4,No,No,Yes
FDB90165,CUST11126,2023-11-10,The mobile app experience was intuitive.,5,Yes,No,No
FDB90166,,2020-12-12,I'm not happy with the premium charged.,2,Yes,No,Yes
FDB90167,CUST11338,2023-01-15,Had to wait too long for claim approval.,2,No,No,No
FDB90168,CUST11338,2020-01-07,Smooth experience with no issues.,5,No,No,No
FDB90169,CUST10326,2023-05-31,The mobile app experience was intuitive.,5,Yes,Yes,No
FDB90170,CUST10723,2023-10-06,The agent was helpful and explained everything.,4,Yes,Yes,No
FDB90171,,2021-08-31,Very satisfied with the claim process.,5,Yes,Yes,Yes
FDB90172,CUST11875,2021-10-28,Frustrated with repeated documentation requests.,3,Yes,No,No
FDB90173,CUST10950,2022-05-02,The mobile app experience was intuitive.,4,No,No,No
FDB90174,,2021-10-01,Very satisfied with the claim process.,5,No,Yes,Yes
FDB90175,CUST11045,2021-09-25,Smooth experience with no issues.,4,No,Yes,No
FDB90176,,2020-07-06,Excellent customer service support.,4,No,No,Yes
FDB90177,CUST10144,2022-09-24,Smooth experience with no issues.,4,Yes,Yes,No
FDB90178,,2021-03-24,Very satisfied with the claim process.,4,No,Yes,Yes
FDB90179,CUST12221,2021-06-28,Smooth experience with no issues.,5,Yes,Yes,No
FDB90180,CUST10360,2022-05-21,Had to wait too long for claim approval.,1,No,Yes,No
FDB90181,CUST11465,2022-10-22,Need more clarity on policy coverage.,3,Yes,No,No
FDB90182,CUST11512,2020-09-26,Excellent customer service support.,4,Yes,No,No
FDB90183,CUST10022,2022-06-17,Very satisfied with the claim process.,4,Yes,No,No
FDB90184,CUST12162,2022-09-04,Had to wait too long for claim approval.,1,No,Yes,No
FDB90185,CUST11369,2022-08-04,Very satisfied with the claim process.,5,Yes,Yes,No
FDB90186,CUST11767,2022-03-12,Excellent customer service support.,5,No,Yes,No
FDB90187,CUST12146,2022-12-05,Smooth experience with no issues.,5,No,Yes,No
FDB90188,CUST12274,2020-03-14,The agent was helpful and explained everything.,5,Yes,No,No
FDB90189,CUST12155,2021-07-09,The mobile app experience was intuitive.,4,Yes,No,No
FDB90190,,2020-05-18,Excellent customer service support.,5,No,No,Yes
FDB90191,,2020-08-14,Claim process could be faster.,2,Yes,No,Yes
FDB90192,CUST12054,2020-10-17,The agent was helpful and explained everything.,5,No,Yes,No
FDB90193,CUST11882,2022-11-17,Frustrated with repeated documentation requests.,1,No,No,No
FDB90194,,2022-10-31,Very satisfied with the claim process.,5,Yes,No,Yes
FDB90195,,2020-05-18,Had to wait too long for claim approval.,1,No,No,Yes
FDB90196,CUST10275,2021-10-07,The mobile app experience was intuitive.,5,No,No,No
FDB90197,CUST10863,2021-03-24,The agent was helpful and explained everything.,4,Yes,No,No
FDB90198,,2023-12-06,The mobile app experience was intuitive.,3,No,Yes,Yes
FDB90199,,2021-04-12,Smooth experience with no issues.,4,Yes,Yes,Yes
FDB90200,CUST11320,2022-02-25,Smooth experience with no issues.,4,Yes,No,No
FDB90201,CUST11852,2023-09-30,Excellent customer service support.,4,No,Yes,No
FDB90202,CUST12312,2020-01-16,Claim process could be faster.,2,No,Yes,No
FDB90203,,2023-11-20,The mobile app experience was intuitive.,4,No,Yes,Yes
FDB90204,,2021-07-28,Smooth experience with no issues.,4,No,No,Yes
FDB90205,CUST10900,2020-05-10,The agent was helpful and explained everything.,4,Yes,No,No
FDB90206,CUST11062,2022-11-05,The agent was helpful and explained everything.,5,Yes,No,No
FDB90207,CUST12173,2020-10-31,The agent was helpful and explained everything.,4,No,No,No
FDB90208,CUST11854,2022-02-27,I'm not happy with the premium charged.,2,Yes,No,No
FDB90209,CUST11147,2023-10-04,Need more clarity on policy coverage.,1,Yes,Yes,No
FDB90210,CUST10973,2023-02-19,The mobile app experience was intuitive.,4,No,Yes,No
FDB90211,CUST11237,2021-09-08,I'm not happy with the premium charged.,2,Yes,No,No
FDB90212,CUST10311,2021-11-26,The agent was helpful and explained everything.,4,Yes,No,No
FDB90213,,2020-07-18,Had to wait too long for claim approval.,2,Yes,Yes,Yes
FDB90214,CUST11073,2021-11-02,Smooth experience with no issues.,4,Yes,Yes,No
FDB90215,CUST12275,2023-08-29,Had to wait too long for claim approval.,1,Yes,Yes,No
FDB90216,CUST11985,2021-02-27,The mobile app experience was intuitive.,4,Yes,Yes,No
FDB90217,CUST10852,2021-04-26,Excellent customer service support.,4,Yes,No,No
FDB90218,,2022-08-02,Claim process could be faster.,3,Yes,No,Yes
FDB90219,CUST12047,2022-06-11,Frustrated with repeated documentation requests.,2,No,Yes,No
FDB90220,CUST12332,2022-01-27,Very satisfied with the claim process.,5,Yes,Yes,No
FDB90221,CUST10932,2021-11-22,Frustrated with repeated documentation requests.,1,No,Yes,No
FDB90222,CUST10597,2022-02-28,I'm not happy with the premium charged.,2,No,No,No
FDB90223,,2021-04-29,The agent was helpful and explained everything.,4,Yes,No,Yes
FDB90224,CUST12271,2020-11-15,Need more clarity on policy coverage.,2,Yes,No,No
FDB90225,,2023-06-27,Need more clarity on policy coverage.,2,No,Yes,Yes
FDB90226,CUST10043,2020-05-25,Had to wait too long for claim approval.,2,No,Yes,No
FDB90227,,2021-02-19,I'm not happy with the premium charged.,2,Yes,No,Yes
FDB90228,CUST11039,2022-06-02,Need more clarity on policy coverage.,3,Yes,Yes,No
FDB90229,CUST11435,2021-01-23,I'm not happy with the premium charged.,3,Yes,Yes,No
FDB90230,CUST11217,2020-07-22,Need more clarity on policy coverage.,2,Yes,Yes,No
FDB90231,CUST10931,2023-10-06,The agent was helpful and explained everything.,4,Yes,No,No
FDB90232,CUST10422,2023-11-27,Had to wait too long for claim approval.,1,No,No,No
FDB90233,,2022-11-13,Claim process could be faster.,2,Yes,Yes,Yes
FDB90234,CUST11104,2022-01-28,I'm not happy with the premium charged.,3,Yes,Yes,No
FDB90235,CUST10554,2020-06-05,The agent was helpful and explained everything.,4,Yes,Yes,No
FDB90236,,2023-09-19,Claim process could be faster.,2,Yes,No,Yes
FDB90237,,2021-03-24,Claim process could be faster.,2,Yes,Yes,Yes
FDB90238,CUST11466,2021-01-20,Claim process could be faster.,2,Yes,No,No
FDB90239,CUST11580,2020-02-06,Very satisfied with the claim process.,4,Yes,No,No
FDB90240,,2020-08-30,The mobile app experience was intuitive.,5,Yes,No,Yes
FDB90241,CUST11234,2021-10-12,I'm not happy with the premium charged.,1,No,Yes,No
FDB90242,,2022-01-26,The mobile app experience was intuitive.,3,Yes,No,Yes
FDB90243,CUST10655,2022-07-14,The mobile app experience was intuitive.,5,No,No,No
FDB90244,CUST10381,2022-07-25,The mobile app experience was intuitive.,3,No,No,No
FDB90245,CUST12472,2020-12-31,Claim process could be faster.,2,No,No,No
FDB90246,CUST11239,2021-07-13,Excellent customer service support.,5,Yes,Yes,No
FDB90247,,2022-12-20,Need more clarity on policy coverage.,3,No,No,Yes
FDB90248,,2020-02-27,The mobile app experience was intuitive.,4,Yes,No,Yes
FDB90249,,2023-03-27,Very satisfied with the claim process.,4,Yes,No,Yes
FDB90250,CUST10501,2020-10-23,Need more clarity on policy coverage.,2,Yes,No,No
FDB90251,CUST12072,2023-02-05,The mobile app experience was intuitive.,5,Yes,Yes,No
FDB90252,CUST12306,2022-03-03,Smooth experience with no issues.,5,Yes,No,No
FDB90253,,2023-10-10,I'm not happy with the premium charged.,3,Yes,No,Yes
FDB90254,CUST10110,2022-01-01,Claim process could be faster.,3,No,No,No
FDB90255,CUST11686,2020-08-06,The mobile app experience was intuitive.,5,No,Yes,No
FDB90256,CUST12127,2023-01-08,I'm not happy with the premium charged.,2,No,No,No
FDB90257,,2021-05-09,Smooth experience with no issues.,5,No,No,Yes
FDB90258,,2023-08-28,Claim process could be faster.,2,Yes,No,Yes
FDB90259,CUST10422,2021-06-17,I'm not happy with the premium charged.,1,No,No,No
FDB90260,CUST11367,2020-05-26,Very satisfied with the claim process.,4,No,No,No
FDB90261,CUST10608,2022-04-15,Claim process could be faster.,3,Yes,No,No
FDB90262,CUST10040,2022-03-07,Smooth experience with no issues.,5,No,No,No
FDB90263,CUST12218,2022-12-10,Claim process could be faster.,2,No,No,No
FDB90264,CUST11367,2022-09-16,The agent was helpful and explained everything.,4,Yes,No,No
FDB90265,CUST12026,2021-06-09,The agent was helpful and explained everything.,4,Yes,Yes,No
FDB90266,,2023-08-04,Had to wait too long for claim approval.,1,No,No,Yes
FDB90267,CUST11313,2021-12-19,Very satisfied with the claim process.,5,No,No,No
FDB90268,CUST10692,2023-04-17,Had to wait too long for claim approval.,1,No,Yes,No
FDB90269,CUST10674,2021-08-14,Claim process could be faster.,3,Yes,No,No
FDB90270,,2022-12-29,Very satisfied with the claim process.,5,No,No,Yes
FDB90271,,2022-10-12,The agent was helpful and explained everything.,4,No,No,Yes
FDB90272,CUST12140,2021-10-09,Frustrated with repeated documentation requests.,3,No,No,No
FDB90273,,2022-06-04,The mobile app experience was intuitive.,3,Yes,No,Yes
FDB90274,CUST11831,2023-07-25,Claim process could be faster.,2,Yes,No,No
FDB90275,CUST11800,2020-04-06,I'm not happy with the premium charged.,3,Yes,No,No
FDB90276,CUST10792,2023-12-04,Need more clarity on policy coverage.,3,Yes,No,No
FDB90277,CUST11071,2022-05-17,Frustrated with repeated documentation requests.,2,No,No,No
FDB90278,,2021-09-01,I'm not happy with the premium charged.,1,Yes,No,Yes
FDB90279,,2021-11-23,Very satisfied with the claim process.,5,No,Yes,Yes
FDB90280,CUST10089,2021-02-27,The agent was helpful and explained everything.,4,Yes,No,No
FDB90281,CUST10110,2020-07-01,I'm not happy with the premium charged.,3,No,Yes,No
FDB90282,CUST10276,2021-08-14,Frustrated with repeated documentation requests.,3,No,Yes,No
FDB90283,CUST11087,2021-04-25,The agent was helpful and explained everything.,5,No,Yes,No
FDB90284,CUST12020,2020-09-11,Had to wait too long for claim approval.,2,Yes,Yes,No
FDB90285,,2022-12-02,Need more clarity on policy coverage.,3,No,Yes,Yes
FDB90286,,2020-12-12,Excellent customer service support.,4,Yes,Yes,Yes
FDB90287,CUST11703,2023-12-10,Very satisfied with the claim process.,5,No,No,No
FDB90288,,2023-11-09,Frustrated with repeated documentation requests.,3,No,No,Yes
FDB90289,,2022-01-31,Had to wait too long for claim approval.,1,No,Yes,Yes
FDB90290,,2020-07-03,Very satisfied with the claim process.,4,No,No,Yes
FDB90291,CUST12286,2022-08-20,The mobile app experience was intuitive.,3,Yes,No,No
FDB90292,CUST11960,2021-09-13,I'm not happy with the premium charged.,3,Yes,Yes,No
FDB90293,CUST10889,2020-07-07,The mobile app experience was intuitive.,5,No,No,No
FDB90294,CUST10372,2021-06-08,Frustrated with repeated documentation requests.,3,Yes,Yes,No
FDB90295,,2020-09-15,The mobile app experience was intuitive.,5,No,Yes,Yes
FDB90296,CUST12282,2020-07-30,Need more clarity on policy coverage.,3,Yes,Yes,No
FDB90297,CUST11083,2022-12-12,Claim process could be faster.,3,Yes,Yes,No
FDB90298,CUST11342,2023-12-01,Frustrated with repeated documentation requests.,2,Yes,No,No
FDB90299,CUST11706,2021-06-22,I'm not happy with the premium charged.,3,No,Yes,No
FDB90300,CUST11296,2020-08-01,Need more clarity on policy coverage.,2,No,Yes,No
FDB90301,CUST10617,2022-08-25,Need more clarity on policy coverage.,2,Yes,No,No
FDB90302,CUST11746,2022-08-01,Smooth experience with no issues.,5,Yes,No,No
FDB90303,,2022-07-07,Frustrated with repeated documentation requests.,1,No,No,Yes
FDB90304,,2020-09-10,Claim process could be faster.,2,Yes,No,Yes
FDB90305,CUST10726,2021-05-22,The agent was helpful and explained everything.,4,Yes,No,No
FDB90306,CUST11210,2020-07-30,Frustrated with repeated documentation requests.,3,Yes,Yes,No
FDB90307,,2021-07-07,Need more clarity on policy coverage.,2,Yes,Yes,Yes
FDB90308,CUST11260,2023-04-21,Frustrated with repeated documentation requests.,1,No,No,No
FDB90309,CUST10809,2023-10-20,Very satisfied with the claim process.,5,Yes,No,No
FDB90310,CUST11414,2022-12-28,Need more clarity on policy coverage.,3,No,Yes,No
FDB90311,,2021-07-06,I'm not happy with the premium charged.,2,Yes,Yes,Yes
FDB90312,,2023-02-28,I'm not happy with the premium charged.,2,Yes,No,Yes
FDB90313,CUST10968,2022-11-01,I'm not happy with the premium charged.,1,No,No,No
FDB90314,,2021-06-16,Need more clarity on policy coverage.,2,No,Yes,Yes
FDB90315,CUST12377,2020-11-03,Very satisfied with the claim process.,5,Yes,Yes,No
FDB90316,CUST12060,2023-04-24,Claim process could be faster.,3,No,No,No
FDB90317,CUST11881,2020-05-21,Excellent customer service support.,4,No,No,No
FDB90318,,2023-03-18,Excellent customer service support.,5,Yes,Yes,Yes
FDB90319,CUST10837,2023-10-10,Frustrated with repeated documentation requests.,3,Yes,No,No
FDB90320,CUST10726,2023-04-06,Very satisfied with the claim process.,5,Yes,No,No
FDB90321,,2023-07-12,The mobile app experience was intuitive.,5,Yes,Yes,Yes
FDB90322,,2023-03-26,Frustrated with repeated documentation requests.,3,Yes,Yes,Yes
FDB90323,,2020-01-27,The mobile app experience was intuitive.,3,Yes,Yes,Yes
FDB90324,,2021-07-28,Excellent customer service support.,4,Yes,Yes,Yes
FDB90325,,2023-10-24,The agent was helpful and explained everything.,5,Yes,No,Yes
FDB90326,,2022-09-13,Smooth experience with no issues.,5,No,No,Yes
FDB90327,CUST12358,2023-11-16,Need more clarity on policy coverage.,2,Yes,Yes,No
FDB90328,,2020-02-16,Had to wait too long for claim approval.,2,No,No,Yes
FDB90329,,2022-12-05,Excellent customer service support.,5,No,Yes,Yes
FDB90330,,2021-11-09,Need more clarity on policy coverage.,3,No,No,Yes
FDB90331,,2020-01-16,Smooth experience with no issues.,4,Yes,Yes,Yes
FDB90332,CUST10076,2020-11-01,The mobile app experience was intuitive.,5,Yes,No,No
FDB90333,CUST11765,2022-07-16,I'm not happy with the premium charged.,3,Yes,No,No
FDB90334,CUST10542,2021-01-29,Had to wait too long for claim approval.,2,Yes,Yes,No
FDB90335,,2022-08-02,I'm not happy with the premium charged.,3,Yes,No,Yes
FDB90336,CUST10457,2023-01-01,Claim process could be faster.,2,No,Yes,No
FDB90337,,2023-05-27,Claim process could be faster.,3,No,No,Yes
FDB90338,,2022-12-19,Frustrated with repeated documentation requests.,1,No,Yes,Yes
FDB90339,CUST10141,2020-08-11,Frustrated with repeated documentation requests.,2,Yes,Yes,No
FDB90340,CUST12344,2020-10-07,Very satisfied with the claim process.,5,Yes,No,No
FDB90341,,2021-11-06,Claim process could be faster.,2,No,Yes,Yes
FDB90342,CUST10345,2020-11-03,Had to wait too long for claim approval.,1,No,No,No
FDB90343,,2020-12-11,Very satisfied with the claim process.,4,Yes,Yes,Yes
FDB90344,CUST12431,2022-12-30,I'm not happy with the premium charged.,2,Yes,Yes,No
FDB90345,,2020-01-22,Excellent customer service support.,5,No,No,Yes
FDB90346,,2023-02-21,Had to wait too long for claim approval.,1,No,No,Yes
FDB90347,,2022-06-17,Need more clarity on policy coverage.,1,Yes,Yes,Yes
FDB90348,,2023-11-11,Very satisfied with the claim process.,4,Yes,Yes,Yes
FDB90349,CUST10714,2023-10-27,Smooth experience with no issues.,5,Yes,Yes,No
FDB90350,CUST10160,2020-07-25,Very satisfied with the claim process.,5,Yes,No,No
FDB90351,CUST12431,2022-09-22,Need more clarity on policy coverage.,3,Yes,No,No
FDB90352,CUST10030,2022-04-14,The agent was helpful and explained everything.,4,No,Yes,No
FDB90353,,2020-07-20,Excellent customer service support.,5,No,Yes,Yes
FDB90354,CUST12226,2021-01-07,The agent was helpful and explained everything.,4,Yes,No,No
FDB90355,CUST10150,2023-10-05,The agent was helpful and explained everything.,4,Yes,No,No
FDB90356,,2020-02-22,Very satisfied with the claim process.,4,Yes,Yes,Yes
FDB90357,,2020-11-19,Had to wait too long for claim approval.,1,Yes,Yes,Yes
FDB90358,CUST11862,2023-01-11,Claim process could be faster.,2,No,Yes,No
FDB90359,CUST11987,2022-10-10,Smooth experience with no issues.,4,Yes,No,No
FDB90360,CUST10045,2020-10-08,Very satisfied with the claim process.,4,Yes,No,No
FDB90361,,2022-03-14,Claim process could be faster.,2,Yes,Yes,Yes
FDB90362,,2021-04-03,The agent was helpful and explained everything.,5,Yes,Yes,Yes
FDB90363,CUST10452,2023-06-04,Very satisfied with the claim process.,5,No,No,No
FDB90364,,2021-08-23,Had to wait too long for claim approval.,1,Yes,No,Yes
FDB90365,CUST10968,2023-11-09,The agent was helpful and explained everything.,5,Yes,No,No
FDB90366,CUST11028,2022-09-21,Claim process could be faster.,2,No,Yes,No
FDB90367,CUST10336,2023-05-02,Very satisfied with the claim process.,4,Yes,Yes,No
FDB90368,,2021-03-04,Need more clarity on policy coverage.,2,Yes,No,Yes
FDB90369,CUST10576,2020-06-09,Frustrated with repeated documentation requests.,1,No,Yes,No
FDB90370,CUST10063,2023-10-12,Very satisfied with the claim process.,5,Yes,Yes,No
FDB90371,CUST10444,2023-09-22,Excellent customer service support.,5,No,No,No
FDB90372,CUST12338,2023-07-13,Had to wait too long for claim approval.,1,Yes,Yes,No
FDB90373,CUST12020,2021-01-25,Had to wait too long for claim approval.,2,No,No,No
FDB90374,,2023-06-03,Had to wait too long for claim approval.,1,No,Yes,Yes
FDB90375,CUST12254,2023-12-10,Need more clarity on policy coverage.,3,Yes,Yes,No
FDB90376,CUST10210,2021-12-19,Need more clarity on policy coverage.,2,No,No,No
FDB90377,,2022-05-21,Claim process could be faster.,2,No,Yes,Yes
FDB90378,CUST10763,2023-06-16,Had to wait too long for claim approval.,2,No,No,No
FDB90379,CUST12246,2021-04-12,Very satisfied with the claim process.,4,Yes,No,No
FDB90380,CUST11217,2020-09-24,Claim process could be faster.,3,No,Yes,No
FDB90381,CUST10200,2020-12-04,I'm not happy with the premium charged.,3,No,No,No
FDB90382,CUST10255,2023-09-29,Very satisfied with the claim process.,5,Yes,Yes,No
FDB90383,CUST11198,2023-01-27,Excellent customer service support.,5,No,No,No
FDB90384,,2020-05-04,The agent was helpful and explained everything.,4,Yes,Yes,Yes
FDB90385,CUST11713,2021-12-06,The mobile app experience was intuitive.,5,No,Yes,No
FDB90386,CUST10228,2020-10-16,Smooth experience with no issues.,4,No,Yes,No
FDB90387,CUST10005,2022-11-30,Excellent customer service support.,5,No,No,No
FDB90388,CUST10136,2021-10-15,Very satisfied with the claim process.,4,No,Yes,No
FDB90389,,2023-01-12,Had to wait too long for claim approval.,2,No,Yes,Yes
FDB90390,,2022-04-14,Claim process could be faster.,2,Yes,No,Yes
FDB90391,,2023-06-02,Need more clarity on policy coverage.,3,Yes,No,Yes
FDB90392,CUST11020,2021-08-02,The mobile app experience was intuitive.,3,No,Yes,No
FDB90393,CUST11894,2022-06-08,Need more clarity on policy coverage.,3,No,No,No
FDB90394,CUST12295,2020-10-25,The agent was helpful and explained everything.,5,Yes,Yes,No
FDB90395,CUST11205,2021-10-04,Excellent customer service support.,4,Yes,Yes,No
FDB90396,CUST12100,2021-04-06,Smooth experience with no issues.,5,Yes,No,No
FDB90397,CUST12215,2023-06-06,I'm not happy with the premium charged.,1,Yes,No,No
FDB90398,CUST11284,2022-10-31,Claim process could be faster.,3,Yes,Yes,No
FDB90399,CUST11867,2023-12-29,The agent was helpful and explained everything.,4,Yes,Yes,No
FDB90400,CUST11938,2023-11-09,The mobile app experience was intuitive.,4,Yes,Yes,No
FDB90401,CUST12410,2021-06-13,Need more clarity on policy coverage.,2,No,Yes,No
FDB90402,,2021-06-07,I'm not happy with the premium charged.,2,Yes,No,Yes
FDB90403,,2022-06-14,The mobile app experience was intuitive.,4,No,No,Yes
FDB90404,CUST11740,2021-06-10,The agent was helpful and explained everything.,5,Yes,No,No
FDB90405,,2021-08-30,Very satisfied with the claim process.,5,No,Yes,Yes
FDB90406,CUST10678,2021-07-27,Very satisfied with the claim process.,5,No,No,No
FDB90407,CUST10945,2021-01-08,Smooth experience with no issues.,4,Yes,Yes,No
FDB90408,CUST10911,2023-11-28,The agent was helpful and explained everything.,5,No,No,No
FDB90409,,2021-01-11,Smooth experience with no issues.,4,Yes,Yes,Yes
FDB90410,CUST11292,2023-09-28,Claim process could be faster.,3,No,No,No
FDB90411,,2023-05-13,Had to wait too long for claim approval.,2,No,Yes,Yes
FDB90412,CUST11011,2023-06-13,Very satisfied with the claim process.,5,No,No,No
FDB90413,CUST10291,2022-06-23,Very satisfied with the claim process.,5,No,No,No
FDB90414,CUST11490,2021-02-07,The agent was helpful and explained everything.,5,Yes,Yes,No
FDB90415,CUST12236,2023-02-28,Very satisfied with the claim process.,5,Yes,No,No
FDB90416,,2020-08-02,The agent was helpful and explained everything.,4,Yes,No,Yes
FDB90417,CUST11618,2021-05-16,Excellent customer service support.,4,Yes,Yes,No
FDB90418,CUST11795,2022-01-26,Excellent customer service support.,5,No,No,No
FDB90419,CUST10021,2022-05-22,I'm not happy with the premium charged.,3,Yes,Yes,No
FDB90420,,2023-10-22,Very satisfied with the claim process.,5,Yes,Yes,Yes
FDB90421,,2020-03-24,Need more clarity on policy coverage.,3,Yes,No,Yes
FDB90422,,2020-01-27,Excellent customer service support.,5,No,No,Yes
FDB90423,CUST11277,2022-04-06,Need more clarity on policy coverage.,3,No,Yes,No
FDB90424,,2022-06-26,Smooth experience with no issues.,5,Yes,No,Yes
FDB90425,,2023-11-14,Claim process could be faster.,2,Yes,No,Yes
FDB90426,CUST10693,2022-08-29,Had to wait too long for claim approval.,2,No,No,No
FDB90427,CUST10181,2020-09-07,The agent was helpful and explained everything.,5,No,No,No
FDB90428,CUST11603,2021-10-08,Excellent customer service support.,5,No,No,No
FDB90429,CUST10460,2022-03-24,Smooth experience with no issues.,4,Yes,Yes,No
FDB90430,CUST11826,2021-11-27,Excellent customer service support.,5,No,Yes,No
FDB90431,CUST10102,2020-06-21,Frustrated with repeated documentation requests.,1,Yes,No,No
FDB90432,CUST12402,2022-07-30,Claim process could be faster.,3,No,Yes,No
FDB90433,CUST11053,2021-07-28,Claim process could be faster.,2,No,Yes,No
FDB90434,CUST12472,2021-08-03,I'm not happy with the premium charged.,2,Yes,No,No
FDB90435,,2022-10-27,Claim process could be faster.,2,No,Yes,Yes
FDB90436,CUST12457,2021-01-15,Need more clarity on policy coverage.,2,Yes,No,No
FDB90437,CUST10461,2022-06-28,Claim process could be faster.,3,No,No,No
FDB90438,,2021-03-17,The agent was helpful and explained everything.,5,Yes,Yes,Yes
FDB90439,CUST11528,2020-08-25,Excellent customer service support.,4,Yes,No,No
FDB90440,CUST10802,2022-09-05,The mobile app experience was intuitive.,4,No,Yes,No
FDB90441,,2021-08-02,Need more clarity on policy coverage.,1,No,Yes,Yes
FDB90442,CUST11712,2023-01-26,I'm not happy with the premium charged.,2,Yes,No,No
FDB90443,CUST10806,2023-06-05,Need more clarity on policy coverage.,2,Yes,No,No
FDB90444,CUST10938,2022-02-21,The agent was helpful and explained everything.,5,No,No,No
FDB90445,CUST10150,2022-12-07,Excellent customer service support.,4,No,No,No
FDB90446,CUST12279,2022-05-28,Excellent customer service support.,5,Yes,Yes,No
FDB90447,CUST11412,2023-09-16,Excellent customer service support.,4,Yes,No,No
FDB90448,CUST12139,2022-04-08,Had to wait too long for claim approval.,2,Yes,Yes,No
FDB90449,CUST11649,2023-06-27,Frustrated with repeated documentation requests.,1,Yes,Yes,No
FDB90450,,2022-04-19,Frustrated with repeated documentation requests.,1,No,No,Yes
FDB90451,CUST10928,2022-07-25,Excellent customer service support.,5,Yes,Yes,No
FDB90452,CUST10309,2022-09-27,Excellent customer service support.,4,Yes,No,No
FDB90453,CUST12236,2023-09-26,Frustrated with repeated documentation requests.,1,Yes,No,No
FDB90454,,2022-07-02,Need more clarity on policy coverage.,3,No,Yes,Yes
FDB90455,,2023-12-01,Smooth experience with no issues.,5,No,No,Yes
FDB90456,CUST10538,2022-08-19,Need more clarity on policy coverage.,3,Yes,No,No
FDB90457,,2020-11-16,Smooth experience with no issues.,4,Yes,No,Yes
FDB90458,CUST10285,2021-02-04,The agent was helpful and explained everything.,4,No,No,No
FDB90459,,2022-07-07,Need more clarity on policy coverage.,3,Yes,No,Yes
FDB90460,CUST10813,2022-07-21,Smooth experience with no issues.,4,No,No,No
FDB90461,CUST11323,2021-01-11,The mobile app experience was intuitive.,5,No,Yes,No
FDB90462,CUST10813,2020-02-22,Smooth experience with no issues.,4,No,No,No
FDB90463,,2023-02-24,The mobile app experience was intuitive.,3,Yes,Yes,Yes
FDB90464,,2020-02-04,The mobile app experience was intuitive.,5,No,Yes,Yes
FDB90465,CUST10459,2021-05-04,I'm not happy with the premium charged.,3,Yes,No,No
FDB90466,,2022-09-16,Excellent customer service support.,5,Yes,No,Yes
FDB90467,CUST10238,2023-08-18,I'm not happy with the premium charged.,1,Yes,No,No
FDB90468,CUST10546,2023-01-17,The agent was helpful and explained everything.,4,No,Yes,No
FDB90469,,2023-11-13,Excellent customer service support.,5,Yes,No,Yes
FDB90470,,2022-05-03,Claim process could be faster.,3,Yes,Yes,Yes
FDB90471,CUST10328,2020-01-28,Very satisfied with the claim process.,4,No,No,No
FDB90472,CUST12282,2021-03-12,The mobile app experience was intuitive.,4,Yes,No,No
FDB90473,CUST11281,2021-07-02,Very satisfied with the claim process.,5,Yes,No,No
FDB90474,CUST11296,2022-04-11,The agent was helpful and explained everything.,5,Yes,Yes,No
FDB90475,,2021-02-15,Very satisfied with the claim process.,5,No,No,Yes
FDB90476,CUST11119,2021-01-31,The mobile app experience was intuitive.,4,No,Yes,No
FDB90477,CUST10795,2022-11-20,Very satisfied with the claim process.,5,Yes,Yes,No
FDB90478,,2022-09-06,Need more clarity on policy coverage.,3,No,No,Yes
FDB90479,CUST10851,2023-12-21,Need more clarity on policy coverage.,3,No,Yes,No
FDB90480,,2023-04-23,Had to wait too long for claim approval.,2,Yes,No,Yes
FDB90481,,2023-01-07,The agent was helpful and explained everything.,4,Yes,No,Yes
FDB90482,,2021-11-23,Claim process could be faster.,2,No,No,Yes
FDB90483,,2023-01-13,Smooth experience with no issues.,5,Yes,No,Yes
FDB90484,,2023-08-28,Frustrated with repeated documentation requests.,1,Yes,Yes,Yes
FDB90485,,2020-09-27,Claim process could be faster.,3,No,Yes,Yes
FDB90486,CUST10746,2023-10-23,Smooth experience with no issues.,5,No,Yes,No
FDB90487,,2023-08-03,Smooth experience with no issues.,5,No,No,Yes
FDB90488,CUST12110,2021-03-14,I'm not happy with the premium charged.,2,Yes,No,No
FDB90489,,2022-11-24,The agent was helpful and explained everything.,4,Yes,No,Yes
FDB90490,,2023-06-18,I'm not happy with the premium charged.,2,No,Yes,Yes
FDB90491,CUST10706,2021-05-11,The agent was helpful and explained everything.,5,Yes,Yes,No
FDB90492,,2022-03-21,The mobile app experience was intuitive.,4,Yes,No,Yes
FDB90493,CUST11497,2022-07-05,Claim process could be faster.,3,Yes,Yes,No
FDB90494,CUST10459,2023-10-17,The agent was helpful and explained everything.,5,Yes,Yes,No
FDB90495,CUST11725,2020-09-01,Smooth experience with no issues.,4,No,Yes,No
FDB90496,CUST11561,2021-02-15,Claim process could be faster.,2,No,No,No
FDB90497,CUST12124,2021-05-03,Had to wait too long for claim approval.,1,No,Yes,No
FDB90498,,2022-07-04,I'm not happy with the premium charged.,2,Yes,Yes,Yes
FDB90499,,2022-09-25,Very satisfied with the claim process.,5,No,Yes,Yes
FDB90500,,2023-08-03,The agent was helpful and explained everything.,4,No,Yes,Yes
FDB90501,CUST11609,2022-12-22,Excellent customer service support.,4,No,Yes,No
FDB90502,CUST10097,2020-03-09,The mobile app experience was intuitive.,4,Yes,No,No
FDB90503,CUST10264,2021-09-26,Need more clarity on policy coverage.,2,No,Yes,No
FDB90504,CUST12035,2022-08-21,The agent was helpful and explained everything.,4,No,Yes,No
FDB90505,CUST11913,2020-01-31,Frustrated with repeated documentation requests.,1,No,Yes,No
FDB90506,CUST11314,2022-06-12,The mobile app experience was intuitive.,5,No,No,No
FDB90507,CUST11065,2023-08-12,Smooth experience with no issues.,4,No,Yes,No
FDB90508,,2023-09-03,Smooth experience with no issues.,5,No,Yes,Yes
FDB90509,CUST10655,2022-01-12,Excellent customer service support.,4,No,Yes,No
FDB90510,CUST12312,2020-02-08,I'm not happy with the premium charged.,2,No,Yes,No
FDB90511,CUST10969,2021-05-11,Very satisfied with the claim process.,4,Yes,Yes,No
FDB90512,,2021-01-23,The agent was helpful and explained everything.,4,Yes,Yes,Yes
FDB90513,,2020-11-22,Excellent customer service support.,5,No,No,Yes
FDB90514,CUST10749,2020-03-21,Frustrated with repeated documentation requests.,1,Yes,No,No
FDB90515,CUST10986,2021-02-08,Claim process could be faster.,2,No,Yes,No
FDB90516,CUST10427,2021-07-10,I'm not happy with the premium charged.,3,Yes,Yes,No
FDB90517,,2022-11-05,Excellent customer service support.,4,No,Yes,Yes
FDB90518,CUST10917,2021-08-20,Smooth experience with no issues.,4,No,Yes,No
FDB90519,CUST11870,2022-12-12,The agent was helpful and explained everything.,5,Yes,Yes,No
FDB90520,,2021-10-01,The agent was helpful and explained everything.,4,Yes,No,Yes
FDB90521,,2021-12-09,Frustrated with repeated documentation requests.,3,No,Yes,Yes
FDB90522,CUST11644,2023-10-27,I'm not happy with the premium charged.,3,No,No,No
FDB90523,,2022-05-27,Excellent customer service support.,5,No,Yes,Yes
FDB90524,,2020-04-21,Claim process could be faster.,2,Yes,No,Yes
FDB90525,CUST12203,2020-01-30,I'm not happy with the premium charged.,2,Yes,No,No
FDB90526,,2022-06-04,Frustrated with repeated documentation requests.,2,No,Yes,Yes
FDB90527,CUST12472,2021-11-30,The mobile app experience was intuitive.,5,Yes,Yes,No
FDB90528,CUST10947,2022-07-12,Need more clarity on policy coverage.,3,Yes,No,No
FDB90529,CUST12065,2021-12-14,Smooth experience with no issues.,5,No,Yes,No
FDB90530,,2022-01-22,The mobile app experience was intuitive.,3,No,No,Yes
FDB90531,CUST11986,2020-04-06,Had to wait too long for claim approval.,1,No,Yes,No
FDB90532,CUST11784,2021-12-14,The mobile app experience was intuitive.,3,No,No,No
FDB90533,CUST10769,2022-11-12,Claim process could be faster.,3,Yes,Yes,No
FDB90534,CUST11894,2020-04-11,The agent was helpful and explained everything.,5,Yes,No,No
FDB90535,CUST11144,2021-03-26,Need more clarity on policy coverage.,3,Yes,No,No
FDB90536,,2022-05-17,Excellent customer service support.,5,Yes,Yes,Yes
FDB90537,CUST10837,2022-09-08,Smooth experience with no issues.,4,Yes,Yes,No
FDB90538,CUST10559,2021-11-18,Claim process could be faster.,3,No,No,No
FDB90539,,2021-03-18,I'm not happy with the premium charged.,3,Yes,No,Yes
FDB90540,CUST10515,2021-04-18,I'm not happy with the premium charged.,2,No,No,No
FDB90541,CUST11108,2022-10-11,The agent was helpful and explained everything.,5,Yes,No,No
FDB90542,CUST11056,2023-09-24,Frustrated with repeated documentation requests.,3,Yes,No,No
FDB90543,CUST10844,2021-12-13,Smooth experience with no issues.,5,Yes,Yes,No
FDB90544,CUST11461,2021-01-16,Need more clarity on policy coverage.,3,No,Yes,No
FDB90545,,2023-02-17,Smooth experience with no issues.,4,No,No,Yes
FDB90546,CUST11187,2020-12-20,Need more clarity on policy coverage.,3,Yes,Yes,No
FDB90547,CUST10704,2021-12-10,The agent was helpful and explained everything.,4,No,No,No
FDB90548,CUST10191,2023-05-16,The mobile app experience was intuitive.,4,No,No,No
FDB90549,CUST11819,2020-06-18,The agent was helpful and explained everything.,5,No,No,No
FDB90550,CUST10724,2021-06-16,Frustrated with repeated documentation requests.,1,Yes,No,No
FDB90551,,2022-07-15,The mobile app experience was intuitive.,5,No,Yes,Yes
FDB90552,CUST11764,2022-04-01,Very satisfied with the claim process.,5,No,Yes,No
FDB90553,,2020-12-31,Had to wait too long for claim approval.,2,No,No,Yes
FDB90554,CUST10957,2021-01-04,I'm not happy with the premium charged.,1,No,No,No
FDB90555,,2022-04-28,The mobile app experience was intuitive.,5,No,Yes,Yes
FDB90556,CUST11274,2023-02-03,Need more clarity on policy coverage.,2,No,No,No
FDB90557,CUST10802,2021-03-13,Excellent customer service support.,5,No,Yes,No
FDB90558,CUST11829,2020-07-16,I'm not happy with the premium charged.,1,Yes,Yes,No
FDB90559,CUST10302,2023-02-24,Smooth experience with no issues.,5,No,Yes,No
FDB90560,CUST12105,2022-09-15,Need more clarity on policy coverage.,2,No,No,No
FDB90561,CUST12109,2020-05-15,The agent was helpful and explained everything.,5,No,Yes,No
FDB90562,CUST10587,2022-05-08,Had to wait too long for claim approval.,2,Yes,Yes,No
FDB90563,CUST11715,2021-03-25,The mobile app experience was intuitive.,3,No,Yes,No
FDB90564,CUST10296,2023-04-27,Very satisfied with the claim process.,5,No,Yes,No
FDB90565,,2021-04-07,Had to wait too long for claim approval.,1,Yes,No,Yes
FDB90566,CUST10314,2021-05-17,Frustrated with repeated documentation requests.,3,Yes,No,No
FDB90567,,2021-07-12,Had to wait too long for claim approval.,1,Yes,No,Yes
FDB90568,CUST10910,2023-12-31,Need more clarity on policy coverage.,3,Yes,Yes,No
FDB90569,CUST11757,2021-12-05,Excellent customer service support.,4,No,No,No
FDB90570,,2020-05-24,The agent was helpful and explained everything.,5,Yes,No,Yes
FDB90571,CUST11953,2022-08-11,Frustrated with repeated documentation requests.,2,Yes,No,No
FDB90572,CUST12355,2023-11-09,I'm not happy with the premium charged.,1,No,Yes,No
FDB90573,,2023-05-01,The mobile app experience was intuitive.,3,No,Yes,Yes
FDB90574,CUST11263,2022-03-18,Frustrated with repeated documentation requests.,3,Yes,Yes,No
FDB90575,CUST10933,2023-03-21,The mobile app experience was intuitive.,5,Yes,Yes,No
FDB90576,CUST10710,2023-11-06,The mobile app experience was intuitive.,3,No,No,No
FDB90577,CUST12086,2022-06-07,Very satisfied with the claim process.,4,Yes,Yes,No
FDB90578,,2023-02-11,Need more clarity on policy coverage.,3,No,No,Yes
FDB90579,,2023-08-15,I'm not happy with the premium charged.,2,No,Yes,Yes
FDB90580,CUST10327,2023-01-28,The mobile app experience was intuitive.,4,No,Yes,No
FDB90581,CUST11676,2023-06-05,Very satisfied with the claim process.,5,No,No,No
FDB90582,,2022-10-28,Claim process could be faster.,2,No,No,Yes
FDB90583,CUST12357,2021-11-25,Frustrated with repeated documentation requests.,3,No,No,No
FDB90584,,2022-12-02,Need more clarity on policy coverage.,1,No,No,Yes
FDB90585,CUST10538,2020-06-05,The mobile app experience was intuitive.,5,No,No,No
FDB90586,,2020-09-23,I'm not happy with the premium charged.,3,No,Yes,Yes
FDB90587,CUST11314,2021-02-19,I'm not happy with the premium charged.,3,No,Yes,No
FDB90588,CUST10173,2022-03-20,I'm not happy with the premium charged.,1,No,Yes,No
FDB90589,CUST11255,2023-05-15,The mobile app experience was intuitive.,3,No,No,No
FDB90590,CUST11829,2020-10-25,Smooth experience with no issues.,4,Yes,No,No
FDB90591,CUST11700,2021-04-23,Had to wait too long for claim approval.,2,No,Yes,No
FDB90592,,2020-07-09,Claim process could be faster.,2,No,No,Yes
FDB90593,CUST11904,2021-06-10,The mobile app experience was intuitive.,4,No,Yes,No
FDB90594,CUST12020,2020-06-11,Claim process could be faster.,3,Yes,Yes,No
FDB90595,,2023-10-14,Need more clarity on policy coverage.,1,No,Yes,Yes
FDB90596,CUST12209,2023-03-23,Very satisfied with the claim process.,4,Yes,No,No
FDB90597,,2022-05-23,Had to wait too long for claim approval.,2,No,Yes,Yes
FDB90598,,2020-11-06,The agent was helpful and explained everything.,4,No,No,Yes
FDB90599,,2021-08-17,Had to wait too long for claim approval.,2,Yes,No,Yes
FDB90600,CUST12443,2023-06-02,Excellent customer service support.,4,Yes,Yes,No
FDB90601,CUST12084,2021-12-18,Excellent customer service support.,5,No,No,No
FDB90602,CUST11893,2022-10-11,Excellent customer service support.,5,Yes,Yes,No
FDB90603,CUST12111,2022-06-19,Frustrated with repeated documentation requests.,1,Yes,Yes,No
FDB90604,CUST11040,2022-01-17,Very satisfied with the claim process.,5,No,No,No
FDB90605,CUST10812,2022-12-18,I'm not happy with the premium charged.,3,Yes,No,No
FDB90606,,2021-06-06,Frustrated with repeated documentation requests.,3,Yes,No,Yes
FDB90607,CUST11399,2022-08-31,The agent was helpful and explained everything.,4,Yes,No,No
FDB90608,CUST10133,2023-11-10,Excellent customer service support.,4,Yes,No,No
FDB90609,CUST11652,2022-10-23,The mobile app experience was intuitive.,3,No,No,No
FDB90610,,2022-01-06,The mobile app experience was intuitive.,3,Yes,No,Yes
FDB90611,,2023-05-17,Had to wait too long for claim approval.,1,Yes,No,Yes
FDB90612,CUST12366,2020-04-26,The mobile app experience was intuitive.,4,No,Yes,No
FDB90613,,2022-09-03,Claim process could be faster.,3,Yes,No,Yes
FDB90614,CUST11534,2020-08-05,Excellent customer service support.,4,Yes,Yes,No
FDB90615,CUST11826,2022-09-24,Very satisfied with the claim process.,5,Yes,No,No
FDB90616,,2023-09-04,Very satisfied with the claim process.,5,No,No,Yes
FDB90617,CUST12245,2023-04-26,The mobile app experience was intuitive.,4,Yes,Yes,No
FDB90618,CUST11528,2020-01-09,I'm not happy with the premium charged.,2,No,Yes,No
FDB90619,,2021-02-24,Smooth experience with no issues.,5,Yes,Yes,Yes
FDB90620,CUST12156,2023-07-21,Had to wait too long for claim approval.,2,No,Yes,No
FDB90621,,2022-11-02,I'm not happy with the premium charged.,2,Yes,No,Yes
FDB90622,CUST11983,2021-04-30,Excellent customer service support.,4,Yes,No,No
FDB90623,CUST12211,2020-07-09,Frustrated with repeated documentation requests.,1,Yes,No,No
FDB90624,CUST12120,2022-04-13,Very satisfied with the claim process.,5,Yes,Yes,No
FDB90625,CUST12474,2023-04-19,Excellent customer service support.,5,Yes,Yes,No
FDB90626,CUST11760,2020-04-16,Excellent customer service support.,4,Yes,Yes,No
FDB90627,CUST10935,2020-07-27,Smooth experience with no issues.,4,No,No,No
FDB90628,,2020-03-04,Excellent customer service support.,4,Yes,No,Yes
FDB90629,,2020-06-15,Had to wait too long for claim approval.,1,Yes,Yes,Yes
FDB90630,CUST10683,2023-11-09,The agent was helpful and explained everything.,5,No,Yes,No
FDB90631,CUST11704,2020-05-21,Need more clarity on policy coverage.,3,Yes,No,No
FDB90632,,2023-10-11,The mobile app experience was intuitive.,3,No,Yes,Yes
FDB90633,,2021-07-31,Frustrated with repeated documentation requests.,3,No,Yes,Yes
FDB90634,,2023-11-04,Smooth experience with no issues.,5,Yes,No,Yes
FDB90635,CUST10758,2021-03-19,The mobile app experience was intuitive.,3,Yes,Yes,No
FDB90636,CUST11858,2021-02-08,Frustrated with repeated documentation requests.,1,Yes,Yes,No
FDB90637,CUST10614,2021-01-09,I'm not happy with the premium charged.,3,No,No,No
FDB90638,CUST11105,2021-02-20,Smooth experience with no issues.,4,No,Yes,No
FDB90639,CUST10945,2021-08-07,Need more clarity on policy coverage.,2,No,Yes,No
FDB90640,,2021-08-31,Need more clarity on policy coverage.,3,No,No,Yes
FDB90641,CUST11209,2021-01-09,Need more clarity on policy coverage.,1,No,Yes,No
FDB90642,CUST10797,2023-06-22,I'm not happy with the premium charged.,2,Yes,No,No
FDB90643,CUST11444,2023-08-05,Very satisfied with the claim process.,4,No,Yes,No
FDB90644,CUST12411,2020-01-26,Smooth experience with no issues.,4,No,Yes,No
FDB90645,,2022-07-29,Frustrated with repeated documentation requests.,3,No,No,Yes
FDB90646,,2021-02-21,Need more clarity on policy coverage.,3,No,Yes,Yes
FDB90647,CUST10852,2021-10-03,Very satisfied with the claim process.,5,No,No,No
FDB90648,,2021-07-31,Frustrated with repeated documentation requests.,3,Yes,No,Yes
FDB90649,CUST10142,2022-08-12,Need more clarity on policy coverage.,1,Yes,No,No
FDB90650,CUST12210,2022-03-23,I'm not happy with the premium charged.,1,No,Yes,No
FDB90651,,2021-06-07,Frustrated with repeated documentation requests.,1,No,No,Yes
FDB90652,,2020-09-03,Claim process could be faster.,3,Yes,Yes,Yes
FDB90653,CUST11622,2020-05-29,Excellent customer service support.,5,No,Yes,No
FDB90654,CUST10515,2020-04-05,Excellent customer service support.,4,Yes,Yes,No
FDB90655,,2022-11-12,Had to wait too long for claim approval.,2,No,Yes,Yes
FDB90656,CUST12180,2020-10-02,Smooth experience with no issues.,4,No,Yes,No
FDB90657,,2021-12-27,The mobile app experience was intuitive.,5,Yes,No,Yes
FDB90658,CUST10802,2023-09-20,Very satisfied with the claim process.,5,No,Yes,No
FDB90659,,2022-10-08,The agent was helpful and explained everything.,4,No,No,Yes
FDB90660,CUST10214,2020-09-23,Frustrated with repeated documentation requests.,3,No,Yes,No
FDB90661,CUST11754,2023-05-31,Frustrated with repeated documentation requests.,2,Yes,No,No
FDB90662,,2020-01-13,Excellent customer service support.,4,No,Yes,Yes
FDB90663,CUST11289,2021-08-26,The agent was helpful and explained everything.,4,No,No,No
FDB90664,CUST11777,2020-02-22,Claim process could be faster.,3,No,Yes,No
FDB90665,CUST10980,2021-11-13,Need more clarity on policy coverage.,1,No,Yes,No
FDB90666,CUST10785,2021-05-11,Excellent customer service support.,4,No,No,No
FDB90667,CUST11397,2020-01-22,Had to wait too long for claim approval.,2,No,Yes,No
FDB90668,,2020-03-22,Very satisfied with the claim process.,5,Yes,Yes,Yes
FDB90669,CUST12306,2023-06-23,Frustrated with repeated documentation requests.,1,No,Yes,No
FDB90670,,2023-02-12,Frustrated with repeated documentation requests.,1,Yes,No,Yes
FDB90671,CUST11377,2021-06-20,Frustrated with repeated documentation requests.,3,Yes,No,No
FDB90672,CUST11748,2022-06-23,Frustrated with repeated documentation requests.,3,No,Yes,No
FDB90673,,2022-01-12,The agent was helpful and explained everything.,4,No,No,Yes
FDB90674,CUST11424,2021-09-04,The agent was helpful and explained everything.,5,Yes,Yes,No
FDB90675,CUST10618,2022-11-30,Claim process could be faster.,2,Yes,No,No
FDB90676,CUST11832,2020-03-24,Frustrated with repeated documentation requests.,1,No,No,No
FDB90677,CUST11937,2023-02-03,The agent was helpful and explained everything.,5,Yes,No,No
FDB90678,,2020-07-15,Need more clarity on policy coverage.,2,No,Yes,Yes
FDB90679,CUST10372,2023-11-07,I'm not happy with the premium charged.,1,No,No,No
FDB90680,CUST10969,2023-01-29,Need more clarity on policy coverage.,2,No,Yes,No
FDB90681,CUST11862,2023-02-09,Excellent customer service support.,5,No,Yes,No
FDB90682,CUST11440,2020-03-16,I'm not happy with the premium charged.,1,Yes,Yes,No
FDB90683,CUST10244,2022-04-15,Had to wait too long for claim approval.,1,No,No,No
FDB90684,CUST12149,2022-05-10,Had to wait too long for claim approval.,1,No,No,No
FDB90685,CUST10428,2022-05-03,Had to wait too long for claim approval.,1,Yes,No,No
FDB90686,CUST11587,2021-01-06,The agent was helpful and explained everything.,4,Yes,No,No
FDB90687,CUST10502,2022-11-12,I'm not happy with the premium charged.,3,Yes,Yes,No
FDB90688,,2023-05-06,Excellent customer service support.,5,Yes,Yes,Yes
FDB90689,CUST12442,2021-12-10,I'm not happy with the premium charged.,1,Yes,Yes,No
FDB90690,,2021-10-07,Had to wait too long for claim approval.,2,Yes,No,Yes
FDB90691,,2023-04-06,Frustrated with repeated documentation requests.,1,Yes,No,Yes
FDB90692,CUST10817,2021-02-07,Frustrated with repeated documentation requests.,3,No,Yes,No
FDB90693,CUST10803,2020-09-18,Excellent customer service support.,4,Yes,Yes,No
FDB90694,CUST11530,2021-03-26,Need more clarity on policy coverage.,3,Yes,No,No
FDB90695,CUST11232,2020-04-09,Had to wait too long for claim approval.,2,Yes,Yes,No
FDB90696,,2021-01-14,The agent was helpful and explained everything.,4,Yes,Yes,Yes
FDB90697,,2022-12-11,Frustrated with repeated documentation requests.,1,Yes,Yes,Yes
FDB90698,,2020-06-27,Had to wait too long for claim approval.,1,Yes,No,Yes
FDB90699,CUST12201,2023-10-29,I'm not happy with the premium charged.,3,No,No,No
FDB90700,CUST11267,2020-05-03,Had to wait too long for claim approval.,1,Yes,Yes,No
FDB90701,,2021-07-12,Frustrated with repeated documentation requests.,3,No,Yes,Yes
FDB90702,,2023-12-12,Very satisfied with the claim process.,5,Yes,Yes,Yes
FDB90703,CUST10884,2020-05-16,Claim process could be faster.,2,No,Yes,No
FDB90704,CUST12024,2020-02-27,Need more clarity on policy coverage.,3,No,Yes,No
FDB90705,,2021-10-23,The agent was helpful and explained everything.,4,Yes,No,Yes
FDB90706,CUST10173,2020-11-26,The agent was helpful and explained everything.,4,No,Yes,No
FDB90707,CUST10346,2020-12-07,The agent was helpful and explained everything.,4,No,No,No
FDB90708,CUST11619,2022-03-20,Very satisfied with the claim process.,4,No,Yes,No
FDB90709,CUST12369,2020-04-22,I'm not happy with the premium charged.,3,No,Yes,No
FDB90710,,2022-06-17,The mobile app experience was intuitive.,3,Yes,No,Yes
FDB90711,CUST10691,2022-10-06,Claim process could be faster.,2,Yes,Yes,No
FDB90712,CUST12053,2022-01-27,Very satisfied with the claim process.,5,Yes,No,No
FDB90713,CUST11478,2022-02-20,The agent was helpful and explained everything.,5,Yes,No,No
FDB90714,,2020-05-11,Need more clarity on policy coverage.,2,Yes,No,Yes
FDB90715,CUST11224,2021-08-28,The mobile app experience was intuitive.,3,Yes,No,No
FDB90716,CUST10663,2020-11-22,Claim process could be faster.,2,No,No,No
FDB90717,CUST12242,2021-01-13,I'm not happy with the premium charged.,2,No,No,No
FDB90718,CUST10018,2021-12-25,Claim process could be faster.,2,Yes,Yes,No
FDB90719,,2023-09-14,I'm not happy with the premium charged.,3,No,No,Yes
FDB90720,CUST11710,2023-03-28,Need more clarity on policy coverage.,1,Yes,No,No
FDB90721,CUST10726,2021-12-30,The mobile app experience was intuitive.,3,No,Yes,No
FDB90722,CUST12314,2020-03-12,Excellent customer service support.,5,No,No,No
FDB90723,CUST12048,2020-05-29,The mobile app experience was intuitive.,5,Yes,No,No
FDB90724,,2022-08-31,Need more clarity on policy coverage.,2,Yes,No,Yes
FDB90725,,2022-07-13,Very satisfied with the claim process.,5,No,No,Yes
FDB90726,CUST10462,2020-09-26,Excellent customer service support.,5,No,Yes,No
FDB90727,CUST10863,2020-07-30,Very satisfied with the claim process.,5,Yes,No,No
FDB90728,CUST10616,2021-05-26,Had to wait too long for claim approval.,1,Yes,No,No
FDB90729,CUST11785,2021-12-15,I'm not happy with the premium charged.,3,Yes,No,No
FDB90730,,2022-10-22,The mobile app experience was intuitive.,3,Yes,No,Yes
FDB90731,CUST10946,2023-01-03,Claim process could be faster.,3,Yes,Yes,No
FDB90732,,2023-02-23,Frustrated with repeated documentation requests.,3,No,Yes,Yes
FDB90733,,2020-05-07,Excellent customer service support.,4,No,Yes,Yes
FDB90734,CUST11802,2021-11-01,Smooth experience with no issues.,5,No,Yes,No
FDB90735,,2022-12-10,Frustrated with repeated documentation requests.,2,Yes,No,Yes
FDB90736,,2021-04-30,Smooth experience with no issues.,5,No,No,Yes
FDB90737,CUST10652,2022-03-29,Excellent customer service support.,4,No,Yes,No
FDB90738,CUST11497,2023-05-07,Excellent customer service support.,4,No,Yes,No
FDB90739,CUST12212,2021-04-12,Claim process could be faster.,2,Yes,Yes,No
FDB90740,CUST11761,2020-06-11,Smooth experience with no issues.,5,No,No,No
FDB90741,CUST12214,2022-08-04,Had to wait too long for claim approval.,1,No,No,No
FDB90742,,2021-01-24,Frustrated with repeated documentation requests.,1,No,No,Yes
FDB90743,,2020-02-17,The agent was helpful and explained everything.,5,Yes,Yes,Yes
FDB90744,,2020-08-26,I'm not happy with the premium charged.,1,Yes,No,Yes
FDB90745,,2020-05-18,The mobile app experience was intuitive.,4,No,No,Yes
FDB90746,CUST10794,2023-03-31,The mobile app experience was intuitive.,5,Yes,Yes,No
FDB90747,,2022-07-12,Very satisfied with the claim process.,4,No,Yes,Yes
FDB90748,,2021-09-03,Need more clarity on policy coverage.,3,Yes,Yes,Yes
FDB90749,,2022-04-29,Claim process could be faster.,2,Yes,No,Yes
FDB90750,,2022-04-16,Very satisfied with the claim process.,5,No,No,Yes
FDB90751,CUST12154,2020-01-04,Very satisfied with the claim process.,5,No,Yes,No
FDB90752,,2022-01-27,Had to wait too long for claim approval.,2,Yes,No,Yes
FDB90753,,2023-07-31,I'm not happy with the premium charged.,2,No,Yes,Yes
FDB90754,,2020-01-23,Frustrated with repeated documentation requests.,3,No,Yes,Yes
FDB90755,,2020-12-21,Claim process could be faster.,2,No,Yes,Yes
FDB90756,CUST11161,2022-10-12,Excellent customer service support.,4,No,Yes,No
FDB90757,,2023-03-13,I'm not happy with the premium charged.,2,No,Yes,Yes
FDB90758,,2021-11-04,Very satisfied with the claim process.,4,Yes,Yes,Yes
FDB90759,,2023-10-14,Very satisfied with the claim process.,4,Yes,No,Yes
FDB90760,CUST10033,2021-07-31,The agent was helpful and explained everything.,5,No,Yes,No
FDB90761,CUST11302,2021-10-12,Smooth experience with no issues.,5,Yes,Yes,No
FDB90762,CUST11619,2021-05-23,I'm not happy with the premium charged.,1,No,No,No
FDB90763,CUST11431,2020-09-03,Smooth experience with no issues.,5,No,No,No
FDB90764,CUST10151,2021-03-22,Need more clarity on policy coverage.,1,No,Yes,No
FDB90765,,2023-12-20,Need more clarity on policy coverage.,3,Yes,Yes,Yes
FDB90766,,2023-02-10,Frustrated with repeated documentation requests.,2,Yes,Yes,Yes
FDB90767,CUST12105,2020-04-23,Excellent customer service support.,4,Yes,Yes,No
FDB90768,CUST10663,2020-08-08,Very satisfied with the claim process.,4,No,Yes,No
FDB90769,,2020-04-08,Excellent customer service support.,4,No,No,Yes
FDB90770,CUST12312,2022-01-17,Frustrated with repeated documentation requests.,3,No,No,No
FDB90771,CUST12207,2022-11-01,Frustrated with repeated documentation requests.,1,No,No,No
FDB90772,CUST12047,2020-02-02,Had to wait too long for claim approval.,2,Yes,No,No
FDB90773,CUST10218,2021-05-16,Claim process could be faster.,3,No,No,No
FDB90774,,2023-08-10,The mobile app experience was intuitive.,4,No,Yes,Yes
FDB90775,,2023-07-19,I'm not happy with the premium charged.,1,No,Yes,Yes
FDB90776,CUST12150,2023-07-20,The agent was helpful and explained everything.,4,Yes,No,No
FDB90777,CUST10468,2020-06-09,The mobile app experience was intuitive.,3,Yes,No,No
FDB90778,,2023-06-21,Frustrated with repeated documentation requests.,1,Yes,Yes,Yes
FDB90779,,2020-08-14,Excellent customer service support.,5,No,No,Yes
FDB90780,CUST10575,2022-11-04,Need more clarity on policy coverage.,3,Yes,Yes,No
FDB90781,CUST11163,2020-02-14,Frustrated with repeated documentation requests.,2,No,Yes,No
FDB90782,CUST12497,2020-09-27,Frustrated with repeated documentation requests.,1,No,No,No
FDB90783,,2021-12-05,Very satisfied with the claim process.,5,No,Yes,Yes
FDB90784,CUST11871,2023-10-04,Claim process could be faster.,2,No,Yes,No
FDB90785,CUST10433,2020-04-29,Excellent customer service support.,5,Yes,No,No
FDB90786,CUST10957,2021-02-28,Smooth experience with no issues.,5,No,Yes,No
FDB90787,,2023-11-09,Had to wait too long for claim approval.,2,No,Yes,Yes
FDB90788,,2022-07-15,Very satisfied with the claim process.,5,Yes,No,Yes
FDB90789,,2022-02-12,Need more clarity on policy coverage.,2,Yes,No,Yes
FDB90790,CUST10774,2020-01-03,Frustrated with repeated documentation requests.,3,Yes,Yes,No
FDB90791,CUST12204,2022-11-30,The mobile app experience was intuitive.,4,Yes,Yes,No
FDB90792,CUST10752,2022-08-15,Very satisfied with the claim process.,4,Yes,No,No
FDB90793,,2021-04-22,Need more clarity on policy coverage.,2,No,Yes,Yes
FDB90794,CUST11036,2020-09-27,The agent was helpful and explained everything.,4,No,Yes,No
FDB90795,CUST10457,2022-07-29,The mobile app experience was intuitive.,5,Yes,Yes,No
FDB90796,CUST12488,2022-04-14,Smooth experience with no issues.,5,Yes,Yes,No
FDB90797,CUST10647,2022-08-29,Smooth experience with no issues.,5,No,Yes,No
FDB90798,CUST10805,2020-07-27,The agent was helpful and explained everything.,4,Yes,No,No
FDB90799,,2022-01-14,Had to wait too long for claim approval.,2,Yes,Yes,Yes
FDB90800,CUST11502,2022-10-05,The agent was helpful and explained everything.,5,Yes,Yes,No
FDB90801,CUST11146,2020-10-02,Excellent customer service support.,5,Yes,No,No
FDB90802,CUST11414,2022-04-04,The agent was helpful and explained everything.,4,No,No,No
FDB90803,CUST10510,2022-01-01,Excellent customer service support.,5,No,No,No
FDB90804,,2020-03-07,The mobile app experience was intuitive.,4,No,Yes,Yes
FDB90805,CUST10363,2023-08-13,Claim process could be faster.,2,Yes,Yes,No
FDB90806,,2023-04-09,Frustrated with repeated documentation requests.,2,No,Yes,Yes
FDB90807,CUST11923,2022-01-13,Excellent customer service support.,5,No,No,No
FDB90808,,2020-06-10,The agent was helpful and explained everything.,4,Yes,No,Yes
FDB90809,CUST11035,2022-06-04,Claim process could be faster.,3,No,Yes,No
FDB90810,,2022-08-29,Need more clarity on policy coverage.,2,Yes,Yes,Yes
FDB90811,CUST10889,2023-11-25,I'm not happy with the premium charged.,1,Yes,Yes,No
FDB90812,,2022-12-12,Claim process could be faster.,3,Yes,Yes,Yes
FDB90813,CUST11470,2023-03-27,Had to wait too long for claim approval.,1,No,No,No
FDB90814,,2020-12-27,Frustrated with repeated documentation requests.,3,Yes,Yes,Yes
FDB90815,,2023-08-10,Frustrated with repeated documentation requests.,1,Yes,Yes,Yes
FDB90816,,2023-08-07,Need more clarity on policy coverage.,1,Yes,Yes,Yes
FDB90817,CUST11925,2022-11-29,Excellent customer service support.,5,No,No,No
FDB90818,CUST11527,2022-10-09,Claim process could be faster.,2,Yes,No,No
FDB90819,CUST11726,2021-07-25,Frustrated with repeated documentation requests.,2,No,No,No
FDB90820,,2021-08-16,I'm not happy with the premium charged.,1,No,No,Yes
FDB90821,CUST11644,2022-01-18,The agent was helpful and explained everything.,5,No,No,No
FDB90822,CUST10442,2022-09-01,The mobile app experience was intuitive.,4,Yes,No,No
FDB90823,,2021-06-17,Excellent customer service support.,4,Yes,Yes,Yes
FDB90824,,2022-09-06,The mobile app experience was intuitive.,3,No,Yes,Yes
FDB90825,CUST11278,2022-02-27,Frustrated with repeated documentation requests.,1,No,No,No
FDB90826,CUST11325,2023-08-16,Smooth experience with no issues.,4,Yes,No,No
FDB90827,CUST10480,2021-07-11,I'm not happy with the premium charged.,1,No,Yes,No
FDB90828,CUST10542,2020-12-09,Very satisfied with the claim process.,5,No,No,No
FDB90829,CUST11561,2020-08-24,Smooth experience with no issues.,5,Yes,Yes,No
FDB90830,CUST10204,2021-04-20,Very satisfied with the claim process.,5,Yes,No,No
FDB90831,,2023-01-04,The mobile app experience was intuitive.,3,Yes,No,Yes
FDB90832,CUST10550,2021-07-06,The mobile app experience was intuitive.,3,Yes,Yes,No
FDB90833,CUST11499,2023-07-31,Claim process could be faster.,3,No,No,No
FDB90834,,2021-02-09,Frustrated with repeated documentation requests.,2,Yes,Yes,Yes
FDB90835,CUST11858,2023-02-02,Claim process could be faster.,2,No,No,No
FDB90836,,2022-01-12,Claim process could be faster.,2,No,Yes,Yes
FDB90837,,2022-11-16,Claim process could be faster.,3,Yes,No,Yes
FDB90838,,2023-10-30,Excellent customer service support.,5,Yes,Yes,Yes
FDB90839,CUST10524,2020-01-09,The mobile app experience was intuitive.,5,Yes,No,No
FDB90840,,2020-04-03,Excellent customer service support.,5,Yes,No,Yes
FDB90841,CUST10958,2023-05-17,The agent was helpful and explained everything.,5,Yes,No,No
FDB90842,,2022-11-12,Frustrated with repeated documentation requests.,1,Yes,Yes,Yes
FDB90843,CUST12245,2022-10-17,Excellent customer service support.,4,Yes,No,No
FDB90844,CUST11050,2023-02-25,Had to wait too long for claim approval.,1,No,Yes,No
FDB90845,CUST11264,2020-10-07,The mobile app experience was intuitive.,3,No,Yes,No
FDB90846,,2021-09-20,Excellent customer service support.,4,Yes,No,Yes
FDB90847,,2021-08-08,Smooth experience with no issues.,5,No,Yes,Yes
FDB90848,,2021-12-12,The agent was helpful and explained everything.,5,Yes,No,Yes
FDB90849,CUST11075,2020-05-27,Very satisfied with the claim process.,4,No,No,No
FDB90850,,2021-08-22,Need more clarity on policy coverage.,1,Yes,No,Yes
FDB90851,,2020-08-23,Frustrated with repeated documentation requests.,3,No,Yes,Yes
FDB90852,,2022-09-21,Had to wait too long for claim approval.,2,Yes,Yes,Yes
FDB90853,,2021-01-31,Need more clarity on policy coverage.,1,No,Yes,Yes
FDB90854,CUST10064,2023-04-15,The mobile app experience was intuitive.,3,Yes,Yes,No
FDB90855,CUST10891,2022-10-25,Had to wait too long for claim approval.,1,Yes,Yes,No
FDB90856,,2021-07-23,The mobile app experience was intuitive.,4,Yes,Yes,Yes
FDB90857,,2021-04-02,Frustrated with repeated documentation requests.,2,Yes,No,Yes
FDB90858,,2021-03-10,Had to wait too long for claim approval.,2,Yes,Yes,Yes
FDB90859,,2020-03-25,Frustrated with repeated documentation requests.,2,Yes,No,Yes
FDB90860,,2020-10-10,Excellent customer service support.,5,No,No,Yes
FDB90861,,2022-09-12,Had to wait too long for claim approval.,2,Yes,Yes,Yes
FDB90862,CUST11659,2021-08-09,Had to wait too long for claim approval.,2,No,Yes,No
FDB90863,CUST12278,2023-08-07,The mobile app experience was intuitive.,3,Yes,Yes,No
FDB90864,,2020-11-20,Smooth experience with no issues.,4,No,Yes,Yes
FDB90865,CUST10800,2020-10-05,I'm not happy with the premium charged.,1,Yes,No,No
FDB90866,CUST11918,2020-07-24,Need more clarity on policy coverage.,2,No,No,No
FDB90867,,2021-09-17,The mobile app experience was intuitive.,3,No,Yes,Yes
FDB90868,CUST10186,2020-02-21,Frustrated with repeated documentation requests.,1,Yes,Yes,No
FDB90869,CUST11973,2021-08-14,Claim process could be faster.,2,Yes,No,No
FDB90870,CUST11951,2023-05-12,The agent was helpful and explained everything.,4,No,Yes,No
FDB90871,CUST10881,2022-10-05,Need more clarity on policy coverage.,3,No,Yes,No
FDB90872,CUST12136,2020-11-01,Had to wait too long for claim approval.,1,Yes,Yes,No
FDB90873,,2021-06-20,Claim process could be faster.,3,Yes,Yes,Yes
FDB90874,CUST11825,2023-06-05,Claim process could be faster.,2,Yes,No,No
FDB90875,CUST12485,2022-12-28,Frustrated with repeated documentation requests.,2,No,Yes,No
FDB90876,CUST11434,2021-12-04,Smooth experience with no issues.,5,No,No,No
FDB90877,CUST11357,2021-09-18,Smooth experience with no issues.,5,Yes,No,No
FDB90878,,2020-10-27,I'm not happy with the premium charged.,2,No,Yes,Yes
FDB90879,CUST10703,2021-02-22,Had to wait too long for claim approval.,1,No,Yes,No
FDB90880,,2023-10-11,I'm not happy with the premium charged.,2,No,No,Yes
FDB90881,,2023-07-19,Frustrated with repeated documentation requests.,3,Yes,No,Yes
FDB90882,CUST12007,2020-07-08,The mobile app experience was intuitive.,4,Yes,Yes,No
FDB90883,,2022-03-08,The agent was helpful and explained everything.,4,No,Yes,Yes
FDB90884,,2022-05-10,The agent was helpful and explained everything.,4,No,No,Yes
FDB90885,,2022-06-29,Excellent customer service support.,5,No,No,Yes
FDB90886,CUST11386,2022-09-05,Very satisfied with the claim process.,5,Yes,No,No
FDB90887,,2023-06-28,The agent was helpful and explained everything.,5,Yes,Yes,Yes
FDB90888,,2021-04-20,I'm not happy with the premium charged.,1,No,No,Yes
FDB90889,CUST12163,2021-11-20,Had to wait too long for claim approval.,2,Yes,Yes,No
FDB90890,CUST12303,2023-02-02,I'm not happy with the premium charged.,2,No,Yes,No
FDB90891,CUST12040,2021-06-17,Very satisfied with the claim process.,4,Yes,Yes,No
FDB90892,,2021-01-29,I'm not happy with the premium charged.,2,Yes,Yes,Yes
FDB90893,CUST10938,2020-03-06,Had to wait too long for claim approval.,1,Yes,No,No
FDB90894,CUST10427,2020-12-24,I'm not happy with the premium charged.,3,Yes,No,No
FDB90895,CUST10119,2023-01-08,Very satisfied with the claim process.,5,No,No,No
FDB90896,CUST11334,2020-01-02,Excellent customer service support.,4,No,Yes,No
FDB90897,,2021-08-04,Claim process could be faster.,3,No,Yes,Yes
FDB90898,CUST10140,2021-10-02,Claim process could be faster.,3,No,Yes,No
FDB90899,,2023-07-03,Claim process could be faster.,2,No,Yes,Yes
FDB90900,CUST10100,2020-09-20,The agent was helpful and explained everything.,4,No,Yes,No
FDB90901,,2021-10-17,The mobile app experience was intuitive.,3,Yes,Yes,Yes
FDB90902,CUST10242,2022-01-25,Had to wait too long for claim approval.,2,Yes,Yes,No
FDB90903,,2023-05-27,Claim process could be faster.,3,No,No,Yes
FDB90904,CUST10758,2023-09-14,I'm not happy with the premium charged.,3,Yes,Yes,No
FDB90905,,2020-01-27,The agent was helpful and explained everything.,4,No,No,Yes
FDB90906,CUST10435,2020-12-17,I'm not happy with the premium charged.,1,Yes,No,No
FDB90907,CUST10899,2020-07-19,Claim process could be faster.,2,No,No,No
FDB90908,CUST11119,2020-05-31,Smooth experience with no issues.,4,No,Yes,No
FDB90909,CUST10135,2023-12-08,Excellent customer service support.,5,No,No,No
FDB90910,,2020-10-28,Need more clarity on policy coverage.,3,Yes,No,Yes
FDB90911,CUST10503,2022-08-25,Need more clarity on policy coverage.,3,Yes,No,No
FDB90912,CUST12260,2020-04-16,Claim process could be faster.,2,Yes,Yes,No
FDB90913,CUST11050,2020-01-07,Smooth experience with no issues.,5,Yes,Yes,No
FDB90914,CUST10652,2020-03-23,Had to wait too long for claim approval.,2,Yes,No,No
FDB90915,CUST11138,2020-06-14,I'm not happy with the premium charged.,3,Yes,No,No
FDB90916,CUST11907,2021-05-17,Claim process could be faster.,3,Yes,Yes,No
FDB90917,CUST11607,2023-02-25,Need more clarity on policy coverage.,1,Yes,Yes,No
FDB90918,CUST10311,2021-09-28,Had to wait too long for claim approval.,1,No,Yes,No
FDB90919,,2021-05-02,The mobile app experience was intuitive.,3,No,Yes,Yes
FDB90920,,2020-06-23,Excellent customer service support.,4,Yes,No,Yes
FDB90921,,2023-12-30,Had to wait too long for claim approval.,1,Yes,Yes,Yes
FDB90922,CUST12136,2020-03-21,Had to wait too long for claim approval.,1,Yes,No,No
FDB90923,,2022-04-29,The agent was helpful and explained everything.,4,Yes,No,Yes
FDB90924,CUST10965,2023-02-27,The mobile app experience was intuitive.,4,No,Yes,No
FDB90925,CUST12171,2023-12-03,Smooth experience with no issues.,4,Yes,No,No
FDB90926,,2022-04-10,Frustrated with repeated documentation requests.,3,No,Yes,Yes
FDB90927,CUST11904,2020-04-13,The agent was helpful and explained everything.,4,No,No,No
FDB90928,CUST11579,2023-05-07,I'm not happy with the premium charged.,1,No,Yes,No
FDB90929,CUST11996,2022-02-24,Had to wait too long for claim approval.,1,No,Yes,No
FDB90930,CUST10962,2020-06-11,Had to wait too long for claim approval.,2,No,No,No
FDB90931,,2020-01-27,Had to wait too long for claim approval.,2,No,No,Yes
FDB90932,,2021-04-12,Had to wait too long for claim approval.,1,Yes,No,Yes
FDB90933,CUST12308,2023-04-06,Need more clarity on policy coverage.,1,No,No,No
FDB90934,CUST11362,2020-06-19,Smooth experience with no issues.,4,No,No,No
FDB90935,,2022-04-30,Claim process could be faster.,2,Yes,Yes,Yes
FDB90936,,2022-06-12,Excellent customer service support.,4,No,No,Yes
FDB90937,,2020-03-04,I'm not happy with the premium charged.,3,No,Yes,Yes
FDB90938,,2020-11-07,Frustrated with repeated documentation requests.,1,No,No,Yes
FDB90939,CUST10769,2021-06-19,Need more clarity on policy coverage.,3,Yes,No,No
FDB90940,,2020-08-31,I'm not happy with the premium charged.,3,No,Yes,Yes
FDB90941,CUST12203,2022-11-17,The agent was helpful and explained everything.,4,Yes,Yes,No
FDB90942,CUST11036,2022-06-23,Had to wait too long for claim approval.,2,Yes,Yes,No
FDB90943,,2023-10-19,I'm not happy with the premium charged.,1,No,No,Yes
FDB90944,CUST10946,2021-07-14,Had to wait too long for claim approval.,1,Yes,Yes,No
FDB90945,CUST10873,2020-09-25,I'm not happy with the premium charged.,2,Yes,No,No
FDB90946,CUST10812,2020-02-04,Smooth experience with no issues.,4,Yes,No,No
FDB90947,CUST11461,2021-01-28,Smooth experience with no issues.,4,Yes,No,No
FDB90948,,2021-11-22,Excellent customer service support.,5,No,No,Yes
FDB90949,,2022-04-07,Excellent customer service support.,4,Yes,Yes,Yes
FDB90950,,2022-09-22,Need more clarity on policy coverage.,1,No,Yes,Yes
FDB90951,CUST10363,2020-09-12,Smooth experience with no issues.,4,Yes,No,No
FDB90952,CUST11195,2023-01-03,I'm not happy with the premium charged.,3,Yes,Yes,No
FDB90953,CUST10601,2020-07-24,I'm not happy with the premium charged.,3,No,No,No
FDB90954,CUST11967,2022-06-03,Smooth experience with no issues.,5,Yes,Yes,No
FDB90955,,2021-08-20,Excellent customer service support.,5,No,Yes,Yes
FDB90956,,2022-05-18,The agent was helpful and explained everything.,5,No,Yes,Yes
FDB90957,,2022-10-03,Had to wait too long for claim approval.,2,No,No,Yes
FDB90958,CUST11393,2022-02-13,Claim process could be faster.,3,No,No,No
FDB90959,,2022-06-05,Excellent customer service support.,4,No,Yes,Yes
FDB90960,CUST11867,2022-08-26,Had to wait too long for claim approval.,1,No,No,No
FDB90961,,2023-01-20,Excellent customer service support.,5,Yes,No,Yes
FDB90962,CUST10216,2022-08-16,Smooth experience with no issues.,5,No,Yes,No
FDB90963,CUST10089,2022-07-15,Smooth experience with no issues.,5,Yes,Yes,No
FDB90964,,2021-01-27,Very satisfied with the claim process.,4,No,No,Yes
FDB90965,CUST10781,2022-01-11,The mobile app experience was intuitive.,3,Yes,Yes,No
FDB90966,,2020-09-21,I'm not happy with the premium charged.,2,No,Yes,Yes
FDB90967,CUST10747,2022-05-09,Very satisfied with the claim process.,5,No,Yes,No
FDB90968,CUST11296,2020-05-16,Need more clarity on policy coverage.,1,No,Yes,No
FDB90969,CUST11777,2020-10-02,Need more clarity on policy coverage.,2,No,No,No
FDB90970,CUST11092,2023-02-01,Frustrated with repeated documentation requests.,3,Yes,Yes,No
FDB90971,CUST11324,2020-04-10,Very satisfied with the claim process.,4,Yes,Yes,No
FDB90972,,2021-02-15,Smooth experience with no issues.,4,Yes,No,Yes
FDB90973,CUST10707,2020-02-06,Frustrated with repeated documentation requests.,3,Yes,Yes,No
FDB90974,CUST11594,2022-01-08,Had to wait too long for claim approval.,1,Yes,Yes,No
FDB90975,CUST10601,2023-01-17,I'm not happy with the premium charged.,3,No,Yes,No
FDB90976,CUST12457,2022-01-28,Claim process could be faster.,3,No,Yes,No
FDB90977,CUST10259,2022-09-21,Excellent customer service support.,4,Yes,Yes,No
FDB90978,,2021-02-13,Very satisfied with the claim process.,5,Yes,No,Yes
FDB90979,CUST11067,2023-01-17,Smooth experience with no issues.,5,Yes,No,No
FDB90980,CUST11315,2022-02-20,Excellent customer service support.,5,No,No,No
FDB90981,,2023-09-24,Had to wait too long for claim approval.,1,No,No,Yes
FDB90982,,2021-12-13,The agent was helpful and explained everything.,5,Yes,Yes,Yes
FDB90983,CUST11802,2021-05-27,Excellent customer service support.,5,No,Yes,No
FDB90984,,2021-07-12,Frustrated with repeated documentation requests.,1,Yes,Yes,Yes
FDB90985,CUST10841,2022-01-14,Smooth experience with no issues.,4,Yes,Yes,No
FDB90986,CUST12465,2022-06-17,The mobile app experience was intuitive.,4,No,Yes,No
FDB90987,,2023-03-08,Very satisfied with the claim process.,4,No,No,Yes
FDB90988,CUST10684,2022-04-13,Need more clarity on policy coverage.,1,Yes,No,No
FDB90989,,2021-05-06,Frustrated with repeated documentation requests.,2,Yes,Yes,Yes
FDB90990,,2021-10-25,Had to wait too long for claim approval.,1,No,Yes,Yes
FDB90991,,2020-04-05,I'm not happy with the premium charged.,2,No,Yes,Yes
FDB90992,CUST11879,2022-10-07,Very satisfied with the claim process.,4,No,Yes,No
FDB90993,CUST11749,2023-07-14,Had to wait too long for claim approval.,1,No,Yes,No
FDB90994,CUST12003,2022-08-20,Frustrated with repeated documentation requests.,1,Yes,No,No
FDB90995,,2021-05-10,Excellent customer service support.,4,Yes,No,Yes
FDB90996,CUST10113,2022-06-10,Claim process could be faster.,3,Yes,No,No
FDB90997,CUST10702,2021-07-04,Claim process could be faster.,2,No,No,No
FDB90998,,2021-11-20,Very satisfied with the claim process.,4,No,Yes,Yes
FDB90999,CUST11520,2023-03-20,The agent was helpful and explained everything.,5,Yes,No,No
